,,,
,,,
,오징어게임,Squid Game: Season 1,오리지널
,기묘한 이야기 시즌 4,Stranger Things 4,오리지널
,웬즈데이 시즌1,Wednesday: Season 1,오리지널
,제프리 다머 이야기,DAHMER: Monster: The Jeffrey Dahmer Story,오리지널
,종이의 집 시즌 5,Money Heist: Part 5,오리지널
,브리저튼 시즌 2,Bridgerton: Season 2,오리지널
,나이트 에이전트 시즌 1,The Night Agent: Season 1,오리지널
,브리저튼 시즌 1,Bridgerton: Season 1,오리지널
,더 글로리,The Glory: Season 1,오리지널
,종이의 집 시즌 4,Money Heist: Part 4,오리지널
,기묘한 이야기 시즌 3,Stranger Things 3,오리지널
,루시퍼 시즌 5,Lucifer: Season 5,오리지널
,지금 우리 학교는 시즌 1,All of Us Are Dead: Season 1,오리지널
,위쳐 시즌 1,The Witcher: Season 1,오리지널
,애나 만들기,Inventing Anna: Limited Series,오리지널
,종이의 집 시즌 3,Money Heist: Part 3,오리지널
,이상한 변호사 우영우 시즌 1,Extraordinary Attorney Woo: Season 1,일반
,레드 노티스,Red Notice,오리지널